,Purchaser Name
0,14 REELS PLUS LLP 
1,A B C INDIA LIMITED 
2,AAKANKSHA BAHETY 
3,AALAYA CONSTRUCTIONS 
4,AARISH SOLAR POWER PRIVATE LIMITED 
5,AASHMAN ENERGY PRIVATE LIMITED 
6,AASHMAN ENERGY PVT LTD 
7,AAYTEE LOGISTICS PRIVATE LIMITED 
8,ABHAY SHUKLA 
9,ABHIJIT INTERNATIONAL 
10,ABHINANDANSTOCKBROKINGPVTLTD 
11,ABHINAV JAIN 
12,ABHISHEK KAUSHIK 
13,ABHISHEK RATHI 
14,ABHISHEK TIBREWAL 
15,ABHRAJIT MITRA 
16,ABIS AGROTECH PVT LTD 
17,ABNLINVESTMENTLIMITED 
18,ACE COMERCIAL COMPANY PRIVATE LIMITED 
19,ACE URBAN DEVELOPERS PVT LTD 
20,ACHINT MAHESHWARI 
21,ACHINTYA SOLAR POWER PRIVATE LIMITED 
22,ACHINTYA SOLAR POWER PVT LTD 
23,ACROPOLIS MAINTENANCE SERVICES PRIVATE LIMITED 
24,ADIT BUILD WELL PVT LTD 
25,ADITYA KUMAR GARG 
26,ADWITA FINVEST PRIVATE LIMITED 
27,AGARWAL M BISHAN 
28,AIC VMR PROJECTS PVT LTD 
29,AIS DISTRIBUTION 
30,"AISHWARYA BUSINESS CORPORATION PVT, LTD "
31,AJANTA PHARMA LTD 
32,AJAY GUPTA 
33,AJAY METALLOYS PVT LTD 
34,AJAY SARAF 
35,AJIT KUMAR JAIN 
36,AKSENTT TECH SERVICES LIMITED (UNITY TEL ECOM INFRASTRUCTURE) 
37,AKSHAT GREENTECH PRIVATE LIMITED 
38,ALA RAMANJANEYULU 
39,ALEMBICPHARMACEUTICALSLINCLRTGS 
40,ALKEM LABORATORIES LIMITED 
41,ALLANA COLD STORAGE 
42,ALLANASONS PRIVATE L 
43,ALMIGHTY FINANCE AND INVESTMENT P 
44,ALOK KUMAR SOMANI 
45,ALOK NARAYAN PANDEY 
46,AMAN JAISWAL 
47,AMAR KRISHNA SAJJA 
48,AMAR SECURITIES PVT LTD 
49,AMARAVATI TEKSYSTEMS PRIVATE LIMITE 
50,AMBUJA HOUSING AND URBAN INFRASTRUCTURE CO. LTD. 
51,AMBUJA REALTY EVENTS MANAGMENT LTD 
52,AMD ENGINEERING CONSULTANTS 
53,AMIT AGARWAL 
54,AMIT GUPTA 
55,AMIT SOMANI 
56,AMRITA AGARWAL 
57,ANAND AGARWAL 
58,ANAND AGRAWAL 
59,ANAND PIMPARKAR 
60,ANAND SAKHARAM PIMPARKAR 
61,ANANT UDYOG LLP 
62,ANANTPURA WIND ENERGIES PVT LTD 
63,ANBEE CONSTRUCTIONS LLP 
64,ANGEL FIBERS LIMITED 
65,ANIL CHANDAK 
66,ANIL KUMAR KEDIA 
67,ANIL KUMAR MALAWAT 
68,ANIMALA WIND POWER PRIVATE LIMITED 
69,ANITA HEMANT SHAH 
70,ANJANI ROADLINES 
71,ANKIT AGARWAL 
72,ANKIT BAHETY 
73,ANKUR SINGHAL S O SH ANIL SIN 
74,ANSHUL GADIA 
75,ANTIQUE INDIA PRIVATE LIMITED 
76,ANUBHAV CHANDAK 
77,ANUJ KUMAR JAIN 
78,APARNA FARMS AND ESTATES LLP 
79,APCO INFRATECH PRIVATE LIMITED 
80,APCO INFRATECH PRIVATE LTD 
81,APCO INFRATECH PVT LTD FORMERLY AP 
82,APL HEALTHCARE LIMITED 
83,APOLLO TYRES LIMITED 
84,APOLLO VINTRADE PVT LTD 
85,AQ SQUARE REALTORS PRIVATE LIMITED 
86,AQUA SPACE DEVELOPERS PRIVATE LIMIT 
87,ARAVALI TECHNICAL SERVICES PVT LTD 
88,ARAVIND S 
89,ARCEDGES BUILDING INDIA LLP 
90,ARCHANA PROPERTIES P LTD 
91,ARDENT STEEL LIMITED 
92,ARIHANT ENTERPRISES 
93,ARIZONAGLOBALSERVICESPVTLTDBR 
94,ARROW PROJECTS PVT LTD 
95,ARS COATED STEEL 
96,ARUN KUMAR GANERIWALA 
97,ARUN KUMAR JOSHI 
98,ARUNANGSHU MUKHERJEE 
99,ARVIND LIMITED 
100,ARVINDBEAUTYBRANDSRETAILPVTLTD 
101,ARVINDINFRACONLLP 
102,ASHISH AGARWAL 
103,ASHISH JAIN 
104,ASHISH KHANDELWAL 
105,ASHOK CHOUDHARY 
106,ASHOK DALMIA 
107,ASHOK KUMAR 
108,ASHOK KUMAR MODI 
109,ASHOK PATNI 
110,ASHOKA BAGEWADI SAUNDATTI ROAD LIMITED 
111,ASHOKA DEVELOPERS 
112,ASHOKA HUNGUND TALIKOT ROAD LTD 
113,ASHOKA MUDHOL NIPANI ROADS LIMITED 
114,ASHUTOSH JYOTIPRASAD TAPARIA 
115,ASIAN AGRI GENETICS LIMITED 
116,ASIAN TRADING CORPORATION LIMITED 
117,ASISH FINANCE PRIVATE LIMITED 
118,ASISH RAHA 
119,ASKUS LOGISTICS PRIV 
120,ASKUS LOGISTICS PRIVATE LIMITED 
121,ASKUS LOGISTICS PVT LTD 
122,ASSOCIATED ALCOHOLS BREWERIES LIMI 
123,ATHENA INFRASTRUCTURE LIMITED 
124,ATUL KUMAR SINGH 
125,AUGMONT ENTERPRISES PRIVATE LIMITED 
126,AUROBINDO PHARMA LIMITED 
127,AUROBINDO PHARMA LTD 
128,AUSTIN PLYWOOD PRIVATE LIMITED FORMERLY B S PROGRESSIVE PVT 
129,AUTHUM INVESTMENT AND INFRASTRUCTURE LTD 
130,AVEES TRADING & FINANCE PVT LTD 
131,AVEES TRADING AND FINANCE PVT LTD 
132,AVEES TRADING FINANCE PVT LTD 
133,AVIGHNA MEDITECH SOLUTIONS PVT LTD 
134,AVIGHNA SOLUTIONS 
135,AVINASH MODI 
136,AVON CYCLES LTD 
137,AXIS CLINICALS LIMITED 
138,AXIS WIND FARMS (MPR DAM) PRIVATE L 
139,AYUSH JAIN 
140,B G SHIRKE CONSTRUCTION TECHNOLOGY PVT L TD 
141,B M A MERCHANDISE LLP 
142,B.DAS AND ASSOCIATES PVT. LTD. 
143,B2C CONSULTING LLP 
144,BAGDOGRA REALTORS PVT LTD 
145,BAIN GLOBAL RESOURCES LLP 
146,BAJAJ AUTO LTD 
147,BAJAJ FINANCE LTD 
148,BAJAJ HOLDINGS & INVESTMENT LIMITED 
149,BALAJI REAL ESTATE VENTURES PVT LT 
150,BALRAMPUR CHINI MILLS LTD 
151,BALU CEMENT CORPORATION 
152,BALU IRON & STEEL COMPANY 
153,BALU IRON AND STEEL COMPANY 
154,BANGUR SHREE 
155,BANSAL BUSINESS PRIVATE LIMITED 
156,BANSAL UDYOG PRIVATE 
157,BANSHIDHAR VYAPAAR PVT LTD 
158,BAPPADITYA ROY 
159,BAPUNA ALCOBREW PRIVATE LIMITED 
160,BASANT GAJANAND LAKHOTIYA 
161,BASUDEV AGARWAL 
162,BELLWEY INTERNATIONAL CO 
163,BENGAL COKE COMPANY LIMITED 
164,BENGAL VIPANAPAN PRIVATE LIMITED 
165,BESSEGGEN INFOTECH LLP 
166,BESSEGGENINFOTECHLLP 
167,BEST AGROLIFE LIMITED 
168,BG SHIRKE CONSTRUCTION TECHNOLOGY PVT LTD 
169,BHACHIBEN KHAMUBHAI MANVAR 
170,BHAGYANAGAR INFRA PROJECTS 
171,BHAGYASREE REALTORS PRIVATE LIMITED 
172,BHARAT AJMERA 
173,BHARAT BIOTECH INTERNATIONAL LIMITED 
174,BHARTI AIRTEL LIMITED 
175,BHARTI AIRTEL LIMITEDAIRTEL CURRE NT AC-GCO 
176,BHARTI INFRATEL LIMITED 
177,BHARTI TELEMEDIA LIMITED 
178,BHASWINI DEVELOPERS 
179,BHAWNA AGARWAL 
180,BHAWNA KASAT 
181,BHUDUTT JANGID 
182,BIGC MOBILES PVT LTD 
183,BIJAY RATAN BAHETY 
184,BIMALA PRASANNA SINGH ROY 
185,BINOD KUMAR AGARWAL 
186,BINOD KUMAR MAROTI 
187,BIOLOGICAL E LIMITED 
188,BIOVET PVT LTD 
189,BIOXGREEN TECHNOLOGY PRIVATE LIMITE 
190,BIRD WORLDWIDE FLIGHT SERVICES INDI 
191,BIRLACARBONINDIAPRIVATELIMITED 
192,BIRLAESTATESPRIVATELIMITED 
193,BISHAN M AGARWAL 
194,BISHOPS WEED FOOD CRAFTS PRIVATE LI 
195,BKC PROPERTIES PVT LTD 
196,BLUEBERRY TRADING COMPANY PRIVATE L 
197,BLUESTONE COMMODITIES LLP 
198,BM DEALERS LLP 
199,BMW INFOTECH PRIVATE LIMITED 
200,BMW INFRASTRUCTURE LLP 
201,BORAVELLI BHUPAL REDDY 
202,BORAVELLI RAMULAMMA 
203,BOSE CONSTRUCTIONS 
204,BRICKS INFRATECH LLP 
205,BRIGHT STAR INVESTMENTS PVT.LTD 
206,BRIJESH BINANI 
207,BRINDABAN NASKAR 
208,BSCPL INFRASTRUCTURE LIMITED 
209,BUILDOX DEVELOPERS LLP 
210,BUTTA HOSPITALITIES PVT LTD 
211,BYRAPANENI SHIVARJUN RAO 
212,C MACKERTICH PVT LTD 
213,C R ASSOCIATES 
214,CAMELIA GRIHA NIRMAN PRIVATE LIMITED 
215,CANDY SPIRITS PVT LTD 
216,CAPACITE INFRAPROJECTS LTD 
217,CAPE TRADING LLP 
218,CAPSTAN TRADING LLP 
219,CASA MARIA PROPERTIES LLP 
220,CASTAMET WORKS 
221,CASTAMET WORKS PRIVATE LIMITED 
222,CASTLE LIQUORS PRIVATE LIMITED 
223,CAVALIER TRANSPORTERS PRIVATE LIMITED 
224,CEAT LTD 
225,CENTURY TEXTILES AND INDUSTRIES LTD 
226,CH UDAYA SANKAR 
227,CHAITANYA ESTATES PRIVATE LIMITED 
228,CHAKRADHARI TRADELINK PRIVATE LIMIT 
229,CHANDA INVESTMENT TRADING CO. PVT 
230,CHANDAKA SANYASI RAO 
231,CHANDAN AGARWAL 
232,CHANDER COMMERCIALS PVT LTD 
233,CHANDRAJYOTI ESTATE DEVELOPERS PVT. 
234,CHARISMA COMBINES PVTLTD 
235,CHAYA REAL ESTATE PVT LIMITED 
236,CHENNAI GREEN WOODS PRIVATE LIMITED 
237,CHENNAMANAGATHIHALLI SOLAR POWER PROJECT 
238,CHHATTISGARH DISTILLERIES LIMITED 
239,CHIKKAHALLI SOLAR POWER PROJECT LLP 
240,CHIRON BEHRING VACCINES PVT LTD 
241,CHITRAKUT HOLDINGS LTD 
242,CHOUDHARY GARMENTS 
243,CHOWGLE AND COMPANY PVT LTD 
244,CHOWGULE AND COMPANY PVT LTD 
245,CIPLA LIMITED 
246,CIPLA LTD 
247,CLIX SECURITIES PRIVATE LIMITED 
248,COALSALE COMPANY LTD 
249,COMFORT TRIMS PRIVATE LIMITED 
250,COMFORT TRIMS PRIVATE LIMITED DIVIS 
251,CONFIDENT FINANCIAL CONSULTANCY PRI 
252,CREATIVE LLP 
253,CRESCENT POWER LTD 
254,CROCHET TRADE AND INVESTMENT PVT L 
255,CROCHET TRADE AND INVESTMENT PVT LT 
256,CRYSTAL TEA INDIA PVT LTD 
257,CURATED LIVING SOLUTIONS PRIVATE LI 
258,CV SRINIVASA 
259,CYBER HOMES 
260,CYGNUS POWER INFRA SERVICES PRIVATE 
261,CYIENT LIMITED 
262,CYZACHEM PVT LTD 
263,D R INTERNATIONAL PRIVATE LIMITED 
264,D R POLYMERS PVT LTD 
265,D S ENGINEERING WORKS LLP 
266,D S ENGINEERING WORKSHOP LLP 
267,DAAWAT FOODS LTD 
268,DAFFODIL GOODS PRIVATE LIMITED 
269,DALMIA BHARAT SUGAR AND INDUSTRIES LTD 
270,DAMINI NATH 
271,DANIKA TRADERS PRIVATE LTD 
272,DASAMI LAB PRIVATE LIMITED (FORMERLY HEL IUS LAB PVT LTD) 
273,DASAMI LAB PRIVATE LTD 
274,DCM SHRIRAM LIMITED 
275,DCM SHRIRAM LTD 
276,DEEP IRON AND STEEL PVT LTD 
277,DEEPAK GURUM 
278,DEEPAK KHEMKA 
279,DEEPAK KUMAR AGARWAL 
280,DEEPAK KUMAR GADDHYAN 
281,DEEPAK MAJJI VENKATA 
282,DEMPO IND PVT LTD NAVHIND PAPERSAND PUB 
283,DEMPO INDUSTRIES PVT LTD 
284,DERIVE INVESTMENTS 
285,DERIVE TRADING AND RESORTS PRIVATE LIMIT 
286,DERIVE TRADING AND RESORTS PRIVATE LIMITED 
287,DESAI TRADING CONSULTANTS PVT LTD 
288,DESCENT BUILDWELL LLP 
289,DEVAL KHAMUBHAI MANVAR 
290,DEVARAHIPPARIGI WIND POWER PVT LTD 
291,DEVASHRI NIRMAN LLP 
292,DEVEN CHAND JAIN 
293,DHARIWAL INFRASTRUCTURE LIMITED 
294,DHARMENDRA JAYANTILAL VORA 
295,DHARMENDRA VORA 
296,DHEERAJ MEDICALS 
297,DHRUV COTTON PROCESSING PVT LTD 
298,DILIP RAMANLAL THACKER 
299,DINESH KUMAR AGARWALLA 
300,DINESH KUMAR LAKHANPAL 
301,DINESH PROJECTS 
302,DINESHCHANDRA R AGRAWAL INFRACON PVT LTD 
303,DIPAN P SHAH 
304,DIPAN PRAVINCHANDRA SHAH 
305,DIVI S LABORATORIES LIMITED 
306,DIVIT SECURITY 
307,DIVYASREE HOLDINGS PVT LTD 
308,DIVYASREE NSL INFRASTRUCTURE PRIVATE LIM ITED 
309,DIVYASREE SOFTTECH REALTORS PVT LTD 
310,DIVYESH POWER PRIVATE LIMITED 
311,DIVYESH POWER PVT LTD 
312,DIWAKAR NIGAM 
313,DLF COMMERCIAL DEVELOPERS LIMITED 
314,DLF GARDEN CITY INDORE PVT LTD 
315,DLF LUXURY HOMES LIMITED 
316,DOYEN ENGINEERING SERVICES PRIVATE 
317,DR HEALTHTECH 
318,DR REDDYS LABORATORIES LIMITED 
319,DR. MANDEEP SHARMA 
320,DR.REDDY'S LABORATORIES LTD 
321,DYNAMIC CS BOTTLING PVT LTD 
322,DYNERE ENGINEERING PRIVATE LIMITED 
323,EAGLE INFRA INDIA LTD 
324,ECL FINANCE LTD 
325,EDELWEISS HOUSING FINANCE LTD. 
326,EDELWEISS RURAL CORPORATE SERVICE 
327,EFICENS SOFTWARE SERVICES PVT LTD 
328,ELENA RENEWABLE ENERGY PRIVATE LIMITED 
329,ELENA RENEWABLE ENERGY PVT LTD 
330,ELITE DEVELOPERS 
331,ELLISBRIDGE ESTATES PVT LTD 
332,ENAM HOLDINGS PRIVATE LIMITED 
333,ENVIRO CONTROL PRIVATE LIMITED FORM 
334,ESSEL MINING AND INDS LTD 
335,ESTEE TRANSWAYS PRIVATE LIMITE 
336,EUGIA PHARMA SPECIALITIES LIMITED 
337,EVEREST ENTERPRISE 
338,EVERSHINE INTERIORS CHENNAI PVT LTD 
339,EVEY TRANS PVT LTD 
340,FAIRPLAN VINTRADE PRIVATE LIMITED 
341,FAMY ENERGY PRIVATE LIMITED 
342,FAMY STERI PVT LIMITED 
343,FASTWAY TRANSMISSIONS PVT LTD 
344,FERTILELAND FOODS PRIVATE LIMITED 
345,FINOLEX CABLES LTD 
346,FIOTEX COTSPIN PRIVATE LIMITED 
347,FOR M/S SRI NIDHI CONSTRUCTIONS 
348,FORCE MOTORS LTD 
349,FORTUNE ESTATE DEVELOPERS PVT LTD 
350,FORTUNE METALIKS LIMITED 
351,FRESHBYTE BUILDTECH PVT LTD 
352,FRIGERIO CONSERVA AL 
353,FRIGORIFICO ALLANA P 
354,FUTURE GAMING AND HOTEL SERVICES PR 
355,FUTURE GAMING AND HOTEL SERVICES PRIVATE LIMITED 
356,FUTURE GAMING AND HOTEL SERVICES PVT LTD 
357,FUTURISTIC HANDLING SERVICES PVT LTD 
358,G CHANDRASHEKHAR 
359,G M HOLDINGS PVT LTD 
360,G R INFRAPROJECTS L 
361,G S ISPAT 
362,GAJA ENGINEERING PVT LTD 
363,GALAXY C.S. BOTTLING PLANT 
364,GANDHAR COALS AND MINES PVT LTD 
365,GANDHI BROTHERS 
366,GANDHI SECURITIES INVESTMENT 
367,GANGADASU BASIVI REDDY 
368,GANGDARI HYDRO POWER PVT LTD 
369,GANGES JUTE PRIVATE LTD 
370,GANNON DUNKERLEY AND CO LIMITED 
371,GAURAV BAHETY 
372,GENEXT HARDWARE PARKS PVT. LTD 
373,GENUS POWER 
374,GENUS POWER INFRASTRUCTURES LIMITED 
375,GENUS POWER INFRASTRUCTURES LTD 
376,GEOJIT INVESTMENT SERVICES LTD 
377,GHCL LTD 
378,GK ENERGY MARKETERS PRIVATE LIMITED 
379,GLENMARK PHARMACEUTICALS LTD 
380,GLOWING FERN HIGHRISE LLP 
381,GOA CARBON LTD 
382,GOLDSTONE CEMENTS LTD 
383,GOODLUCK INDIA LIMITED 
384,GOODLUCK INDIA LTD 
385,GORJA STEEL PROCESSORS 
386,GORUKANTI DEVENDER RAO 
387,GORUKANTI SURENDER RAO 
388,GOURAB ROY 
389,GOURAV KUMAR 
390,GOURAV RAJESH MUNDHRA 
391,GOWREDDY HARIPRASAD REDDY 
392,GPC FOODS PRIVATE LIMITED 
393,GRANULES INDIA LIMITED 
394,GRASIM INDUSTRIES LTD 
395,GRAUER AMP WEIL INDIA LIMITED 
396,GREAT EASTERN STORES PVT LTD 
397,GREENKO ANANTAPUR WIND POWER PRIVATE LIMITED 
398,GREENKO ASTHA PROJECTS (INDIA) PVT LTD 
399,GREENKO BUDHIL HYDRO POWER PVT LTD 
400,GREENKO ENERGY PROJECTS PRIVATE LTD 
401,GREENKO HIM KAILASH HYDRO POWER PVT LTD 
402,GREENKO MP01 IREP PRIVATE LIMITED 
403,GREENKO RAYALA WIND POWER PRIVATE LIMITE D 
404,GREENKO RAYALA WIND POWER PVT LTD 
405,GREENKO SOLAR POWER (DHARAMAVARAM) LTD 
406,GREENKO SRI SAI KRISHNA HYDRO ENERGIES PVT LTD 
407,GREENKO SUMEZ HYDRO ENERGIES PVT LTD 
408,GREENKO URAVAKONDA WIND POWER PRIVA 
409,GRINIBHRIT SOLAR POWER PVT LTD 
410,GUJARAT FLUORO CHEMICALS LIMITED 
411,GUPTA VARUN 
412,GURRAM MOUNIKA 
413,GURRAM RAVI 
414,GUWAHATI CARBON LIMITED 
415,GVPR ENGINEERS LTD 
416,H S ARAVINDA 
417,HALDIA ENERGY LIMITED 
418,HANSVAHINI AUTO INTERIOR PVT LTD 
419,HAPPYTAT VILLAS PRIVATE LIMITED 
420,HARDESH ORES PVT LTD 
421,HARI PRASAD AGARWAL 
422,HARIJAN HIRIBAI 
423,HARINAGAR SUGAR MILLS LTD 
424,HARMESH RAHUL JOSHI 
425,HARSHIT CHHABRA 
426,HARSHIT KOTHARI 
427,HAZELO LAB PRIVATE LTD 
428,HEALTHTECH SOLUTION 
429,HEENA STEEL LLP 
430,HEMANT LAKHOTIA 
431,HERALD BEVERAGES PRIVATE LIMITED 
432,HERO MOTOCORP LIMITED 
433,HES INFRA PVT LTD 
434,HETERO BIOPHARMA LIMITED 
435,HETERO DRUGS LIMITED 
436,HETERO LABS LIMITED 
437,HH IRON AND STEEL PRIVATE LIMITED 
438,HIGHSTREET CRUISES AND ENTERTAINMENT PVT LTD 
439,HIMADRI KHAN 
440,HIMADRI KHAN COUNTRY SPIRIT BOTTLING PLA NT CUM WARE HOUSE 
441,HIMALAYAN ENDEAVOUR PVT LTD 
442,HIMANGA MERCANTILES PVT LTD 
443,HIMANSHU RAJNIKANT SHAH 
444,HIND TERMINALS PVT LTD 
445,HINDUSTAN TEXTILES 
446,HINDYS LAB PRIVATE LTD 
447,HINDYS LAB PVT. LTD. (PREVIOUSLY HIND LI FE SCIENCES PVT LTD) 
448,HIREHALLI SOLAR POWER PROJECT LLP 
449,HITECH SYSTEMS & SERVICES LTD 
450,HITESH D SHAH 
451,HITESH D SHAH HUF 
452,HONEYWELL PROPERTIES PVT LTD 
453,HONOUR LAB LIMITED 
454,HONOUR LAB LTD 
455,HORIZON MEDICAL SUPPLIES 
456,HUB POWER COMPANY 
457,HUNSANKODILLI SOLAR POWER PROJECT LLP 
458,ICONICA PROJECTS 
459,IDEAL REAL ESTATES PRIVATE LIMITED 
460,IDEAL ROAD BUILDERS PVT.LTD. 
461,IFB AGRO INDUSTRIES LIMITED 
462,ILABS HYD TECHNOLOGY CENTRE PVT LTD 
463,INDER THAKURDAS JAISINGHANI 
464,INDERDEEP CONSTRUCTION CO 
465,INDIA EXPOSITION MART LTD 
466,INDIA GLYCOLS LTD 
467,INDIAN VALVE CALCUTTA PVT LTD 
468,INDRANI PATNAIK 
469,INDURU SUDHAKARA REDDY 
470,INDUS INDUSTRIAL TEC 
471,INDUS ORGANICS 
472,INDUSTRIAL TECHNO MAN POWER SUPPLY AND SERVICES PVT LTD 
473,INFINA FINANCE PRIVATE LIMITED 
474,INFOTELACCESSENTERPRISESPL00108 
475,INFOTELBUSINESSSOLUTIONSLTDBR 
476,INFOTELTECHNOLOGIESPRIVATELIMITE 
477,INFRASTRUCTURE LOGISTICS PVT LTD 
478,INNOCENT MERCHANDISE PVT LTD 
479,INORBIT MALLS INDIA PRIVATE LIMIT 
480,INORBIT MALLS INDIA PRIVATE LIMITED 
481,INOX AIR PRODUCTS LTD 
482,INOX LEISURE LTD 
483,INTAS PHARMACEUTICALS LIMITED 
484,INTERGLOBE AIR TRANSPORT LIMITED 
485,INTERGLOBE AVIATION LIMITED 
486,INTERGLOBE REAL ESTATE VENTURES PVT LTD 
487,INTERNATIONAL TRADING CORPORATION 
488,IPCA LABORATORIES LIMITED 
489,IRA BLOSSOM FIELDS 
490,IRB MP EXPRESSWAY PRIVATE LIMITED 
491,ISHAN TECHNICAL PLANT SERVICES PVT LTD 
492,ISHANI BHAVIK AJMERA 
493,ISTAMSETTY SONY 
494,ITC LIMITED 
495,IVL DHUNSERI PETROCHEM INDUSTRIES PRIVAT E LIMITED 
496,J B ENTERPRISE 
497,J K CEMENT LIMITED 
498,J K CEMENT LTD. 
499,J S K HOTELS P LTD 
500,J.K.CEMENT LTD. 
501,JAI BHARAT TECHNICAL SERVICES PVT LTD 
502,JAI GANESH ISPAT AND FERRO ALLOYS PVT LTD 
503,JAI SUSPENSION SYSTEMS L L P 
504,JAI SUSPENSION SYSTEMS LLP 
505,JAINENDRA P SHAH 
506,JAINENDRA PRAVINCHANDRA SHAH 
507,JANAM ENTERPRISES 
508,JASWANT KUMAR SETHIA 
509,JAY USHIN LTD 
510,JAYANTA KUMAR DAS 
511,JBM INDUSTRIES LIMITED 
512,JINDAL HOUSE 
513,JINDAL POLY FILMS LIMITED 
514,JINDAL SAW LIMITED 
515,JINDAL STAINLESS LTD 
516,JINDAL STEEL AND POWER LIMITED 
517,JIT INDUSTRIAL PARK LLP 
518,JK LAKSHMI CEMENT LIMITED 
519,JK PAPER LIMITED 
520,JMC PROJECTS INDIA LTD 
521,JMS MINING PRIVATE LIMITED 
522,JNS INSTRUMENTS LTD 
523,JOSYULA VENKATESH 
524,JUBILANT LIFE SCIENCES LIMITED 
525,JUPITER MERCANTILES PVT LTD 
526,JWIL INFRA LTD. (FORM. JITF WATER 
527,JYOTI LADHA 
528,JYOTSNA AGGARWAL 
529,K AMISH KUMAR TRADING PVT LTD 
530,K B DEALERS PRIVATE LIMITED 
531,K D LIQUOR AND FERTILIZER PVT LTD 
532,K K RESOURCES PRIVATE LIMITED 
533,K M A COMMODITIES LLP 
534,K M DEALERS LLP 
535,K R RAJA JT 
536,K RAHEJA CORP PVT LTD 
537,KAL RADIO LIMITED 
538,KALPATARU PROJECTS INTERNATIONAL LIMITED 
539,KALPTARU INVESTMENTS PVT.LTD. PROP 
540,KAMAL MANOHAR 
541,KAMAL TRADING CORPORATION 
542,KAMLANG SAW & VENEER MILLS PVT LTD 
543,KAMNA COMMERCIAL PRIVATE LIMITED 
544,KAMNA CREDITS AND PROMOTORS PVT LTD 
545,KANHA VINCOM PRIVATE LIMITED 
546,KANWAR LAL PATNI 
547,KARTHIKEYA CONSTRUCTIONS 
548,KARTIKEYA INFRA 
549,KAUSHALENDER AGGARWAL 
550,KAUSTUBH VERMA 
551,KAYPEE ENTERPRISES 
552,KB DEALERS LLP 
553,KCR ENTERPRISE LLP 
554,KEC INTERNATIONAL LIMITED 
555,KEJRIWAL MIINIING PRIVATE LIMITED 
556,KEVENTER FOODPARK INFRA LIMITED 
557,KEYSTONE REALTORS PVT LTD 
558,KHANDKE WIND ENERGY PRIVATE LIMITED 
559,KHUSHBU AGGARWAL 
560,KIRAN MAZUMDAR SHAW 
561,KIRITI VENTURES PRIVATE LIMITED 
562,KIRTAN AJMERA 
563,KISHAN F.L. BOND HOUSE 
564,KISHAN M AGARWAL 
565,KISHAN M AGARWAL HUF 
566,KISHAN MIRANIA AGARWAL 
567,KITEX CHILDRENSWEAR LTD 
568,KITEX GARMENTS LIMITED 
569,KM DEALERS LLP 
570,KMK DEVELOPERS PVT LTD ASHISH BHAS 
571,KNR CONSTRUCTIONS LTD 
572,KONARK RAJENDRA SHAH 
573,KONERU RAVITEJA 
574,KOTESWAR RAO GULLAPALLY 
575,KOYA AND COMPANY CONSTRUCTION LTD 
576,KRBL LTD 
577,KRISHNA SHEET PROCESSORS PVT LTD 
578,KULWANT SINGH 
579,KUNAL GUPTA 
580,KUSUM MAROTI 
581,KVR BASELINE RESOURCES PRIVATE LIMI 
582,L S DAVAR AND CO 
583,L7 HITECH PRIVATE LIMITED 
584,LAKSHMI MEDICALS 
585,LAKSHMI NIWAS MITTAL 
586,LALIT GULATI 
587,LALITPUR POWER GENERATION COMPANY LIMITED 
588,LAURELSECURITIESPVTLTD 
589,LAXMI CIVIL ENGINEERING SERVICES PR 
590,LAXMI INDUSTRIAL BOTTLING PLAN 
591,LAXMI INDUSTRIAL BOTTLING PLANT 
592,LAXMIDAS VALLABHDAS ASMITA MERCHA 
593,LCCPROJECTSPRIVATELIMITED 
594,LEPTON SOFTWARE EXPORT AND RESEARCH PRIVATE LTD 
595,LEVOC FINANCE PVT LTD 
596,LIFELINE MARKETING PRIVATE LIMITED 
597,LILAC MERCHANDISE PRIVATE LIMITED 
598,LOKESH KUMAR 
599,LOTUS TEXPARK LIMITED FORMERLY LOTUS INT EGRATED TEXPARK LTD 
600,LOUISIANA INVESTMENT FINANCE PVT 
601,LPF SYSTEMS PRIVATE LIMITED 
602,LUCINA LAND DEVELOPMENT LIMITED 
603,LULU INDIA SHOPPING MALL PRIVATE LI 
604,LUMAX INDUSTRIES LIMITED 
605,LUPIN LIMITED 
606,M M YARNS PVT LTD 
607,M R F LIMITED 
608,M S JUGENDRA SINGH AND COMPANY 
609,M S VARAS INTERNATIONAL PVT LTD 
610,M/S KAMAL ISPAT 
611,M/S T S WIND POWER DEVELOPERS 
612,"M/S VISION SECURITY SERVICES, PROP-MAJOR DEVENDRA NATH DAS "
613,M/S. K.D. LIQUOR FERTILIZER PRIVATE L 
614,M/S. RAMESH AGARWAL C S BOTTLING PL 
615,M/SGAURAV INTERNATIONAL 
616,M/SKJS AHLUWALIA 
617,MAATHA PROJECTS LLP 
618,MADAMAGERI SOLAR POWER PROJECT LLP 
619,MADANLAL LTD. 
620,MADHUMITA SAH 
621,MADHYA PRADESH WASTE MANAGEMENT PR 
622,MADHYA PRADESH WASTE MANAGEMENT PRI 
623,MAGARPATTA TOWNSHIP DEV AND CONST C 
624,MAHABIR BANKA 
625,MAHALAXMI VIDYUT PVT.LTD. 
626,MAHAVIRA VINCOM PRIVATE LIMITED 
627,MAHENDRA SPONGE AND POWER LIMITED 
628,MAHESH NARAYAN KHADE 
629,MAHINDRA & MAHINDRA LTD 
630,MAITHRI LABORATORIES (PVT) LTD 
631,MAKARAND PLANTATIONS PVT LIMITED 
632,MANDADI RAMULU 
633,MANISH AGARWAL 
634,MANISH KUMAR KHAKHOLIA 
635,MANITHEJ ENTERPRISES 
636,MANJIT KAUR 
637,MANJU SHREE SOMANI 
638,MANKIND PHARMA LIMITED 
639,MANKIND TRACOM PRIVATE LIMITED 
640,MANOJ KUMAR AGARWAL 
641,MANOTOSH DAS 
642,MANU VYAPAR (P) LTD. 
643,MANVAR DEVABHAI 
644,MANVAR SAVABHAI 
645,MARAL OVERSEAS LTD. 
646,MARDI GRAS LIQUOR DIV OF MARDI GRAS 
647,MARUTI SUZUKI INDIA LTD 
648,MB POWER (MADHYA PRADESH) LTD 
649,MEENU CREATION LLP 
650,MEGA EQUITAS PRIVATE LIMITED 
651,MEGHA ENGINEERING & INFRASTRUCTURES LIMITED 
652,MEGHA ENGINEERING AND INFRASTRUCTURES LI MITED 
653,MEGHA ENGINEERING AND INFRASTRUCTURES LTD 
654,MEHERFOUNDATIONSANDCIVILENGPVT 
655,MERLIN RECREATION PVT LTD 
656,MICHIGAN ENGINEERS PVT LTD 
657,MICRO LABS LIMITED 
658,MICRO LABS LTD 
659,MIDAS PROJECTS PRIVATE LIMITED 
660,MINDA KYORAKU LTD 
661,MINDARIKA PRIVATE LTD 
662,MIRANIA BUILDERS LLP 
663,MIRANIA COMPLEX LLP 
664,MISRILALL MINES PVT LTD 
665,MKJ ENTERPRISES LIMITED 
666,MKJ ENTERPRISES LTD 
667,MKK METAL SECTIONS P LTD 
668,MKK METAL SECTIONS PVT LTD 
669,MNMEDIAVENTURESPVTL108 
670,MODERN ROAD MAKERS PVT LTD 
671,MODERN ROAD MAKERS PVT. LTD. 
672,MOHAN STEEL CORPORATION 
673,MOHINDER KUMAR JAIN 
674,MOHIT MINERALS LIMITED 
675,MOHIT MINERALS LTD 
676,MONALISA BOTTLING INDUSTRIES PVT LTD 
677,MONIKA 
678,MOTOWN TRADING PVT LTD 
679,MOUNT EVEREST BREWERIES LIMITED 
680,MR ANUJ GOENKA 
681,MR GIRIDARAN MANIVANNAN 
682,MR KONARK RAJENDRA SHAH 
683,MR RAJ DEEPAK VARSHNEY 
684,MR SACHIN BAKLIWAL 
685,MR SAURABH BAKLIWAL 
686,MR. ABHIJEET SOLOMAN KAMBLE 
687,MR. BAL KISHAN GOENKA 
688,MR. BISWAJIT GHOSH 
689,MR. DEEPAK KHEMKA 
690,MR. ISHANT GUPTA 
691,MR. KAUKUNTLA VENU GOPAL 
692,MR. MAYANK SINGHAL 
693,MR. NISHANT K YADAV 
694,MR. SAMEER BHATIA 
695,MR. VIJAY KUMAR GOYAL 
696,MRPANKAJKUMARGUPTA 
697,MRS LILA DEVI SULTANIA 
698,MRS. SUSHILA GOENKA 
699,MS PEARL GLOBAL INDUSTRIES LTD FORM 
700,MS S N MOHANTY 
701,MS. SHIPRA GOENKA 
702,MSN LABORATORIES PVT LTD 
703,MSN ORGANICS PVT LTD 
704,MSN PHARMACHEM PVT LTD 
705,MSPL LTD 
706,MTC ISPAT PVT LTD 
707,MUKESH AJMERA 
708,MUKUND BINANI 
709,MUPPANA VENKATA RAO 
710,MUTHOOT FINANCE LTD 
711,MVM SECURITIES PVT LTD-SELF A/C 
712,MY HOME INFRASTRUCTURES PRIVATE LI 
713,MY HOME INFRASTRUCTURES PVT LTD MY 
714,MYRIAD DEVELOPERS 
715,MYTRAH ENERGY INDIA PRIVATE LIMITED 
716,MYTRAH ENERGY(INDIA) PRIVATE LIMITED 
717,N A R INFRA PRIVATE LIMITED 
718,N RAMAMOORTHY 
719,NAHAR BUILDERS AND DEVELOPERS LTD 
720,NAMIT PURI 
721,NANDED CITY DEVELOPMENT AND CONSTRU 
722,NANDI ENTERPRISES 
723,NANGALIA ASSOCIATES 
724,NARA CONSTRUCTIONS 
725,NARAYAN PODDAR 
726,NARBHERAM VISHRAM 
727,NARESH HIRALAL BHANSALI 
728,NATCO PHARMA LIMITED 
729,NATCO PHARMA LTD 
730,NATRAJ GOODS PRIVATE LIMITED 
731,NATURAL RESIDENCY LLP 
732,NAVAL KISHORE AGARWAL 
733,NAVARUN SEN 
734,NAVAYUGA ENGINEERING CO LTD 
735,NAVAYUGA ENGINEERING COMPANY LIMITED 
736,NCC LIMITED 
737,NEERAJ GANDHI 
738,NEHA BAHETY 
739,NETINCON MARKETING PVT LTD 
740,NEXG DEVICES PVT LTD 
741,NIDHI SOMANI 
742,NIKHIL SUNIL MUNDHRA 
743,NIMBHA BIOTECH PRIVATE LIMITED 
744,NIRANJAN LAL AND SONS HUF 
745,NIRAV MAROTI 
746,NIRMA LIMITED 
747,NIRMAL KUMAR BATHWAL 
748,NIRMALDEEP RESOURCES LTD 
749,NISHANT SARAFF 
750,NITESH KUMAR GUPTA 
751,NITIN BANSAL 
752,NLB SERVICES PRIVATE LIMITED 
753,NORTH EAST INFRA NET WORK 
754,NORTHERN SPIRITS LTD 
755,NSL RENEWABLE POWER PRIVATE LIMITED 
756,NSL SEZ HYDERABAD PRIVATE LIMITED 
757,NSL SEZ(HYDERABAD) PRIVATE LIMITED 
758,NUVOCO VISTAS CORP. LTD 
759,NUVOCO VISTAS CORPORATION LTD 
760,NVNR POWER INFRA PRIVATE LIMITED 
761,NVSUBBA RAO 
762,OCEAN SPARKLE LTD 
763,OM CREDIT PVT LTD 
764,OM ENCLAVE PVT LTD 
765,OM METALS DEVELOPERS (P) LTD. 
766,OM VINCOM PVT LTD 
767,OMKAR REALTORS PROJECTS PVT LTD 
768,OMKAR VENTURES PVT LTD 
769,ORIENT FASHION EXP (I) PVT LTD 
770,ORIENTAL SOUTH DELHI HOTELS PVT LTD 
771,ORISSA METALIKS PVT LIMITED 
772,ORRISA METALIKS PVT LTD 
773,OSTRO JAISALMER PRIVATE LIMITED 
774,OSTRO MADHYA WIND PRIVATE LIMITED 
775,P SHIVA SHANKAR REDDY 
776,P TEJAVARDHAN REDDY 
777,PACIFICA DEVELOPERS P LTD REFLECTIO 
778,PACIFICA INDIA PROJECTS PVT LTD 
779,PALM SHELTER ESTATE DEVELOPMENT LL 
780,PALM SHELTER ESTATE DEVELOPMENT LLP 
781,PANACEA BIOTEC PHARMA LTD PHARMACEU 
782,PANKAJ PERIWAL 
783,PAPPI REDDY KISHORE KUMAR REDDY 
784,PARAMJIT SINGH S O JAGJIT SINGH 
785,PARESH AJMERA 
786,PARESH CHAMPAKLAL SHAH 
787,PARIBARTAN ELECTORAL TRUST 
788,PARIKSHIT SOMANI 
789,PASURA AGRI SCIENCES LLP 
790,PASURA CROP CARE PVT LTD 
791,PATEL ENGINEERING LTD. 
792,PATEL HIGHWAY MANAGEMENT PVT LTD 
793,PAVANKUMAR REDDY KUNDURU 
794,PAWAN AGARWAL 
795,PAYEL AGARWAL 
796,PCBL LIMITED 
797,PEDDIREDDY RAMANJANEYA REDDY 
798,PEGASUS PROPERTIES PVT LTD 
799,PENGUIN TRADING & AGENCIES LIMITED 
800,PENGUIN TRADING AND AGENCIES LTD 
801,PENNAR RENEWABLES PVT LTD( NEW ERA 
802,PERFECT INVESTMENT CONSULTANCY PRIV 
803,PHILIPS CARBON BLACK LTD 
804,PHILLIPS CARBON BLACK LIMITED 
805,PHL FINIVEST PVT LTD 
806,PIRAMAL CAPITAL AND HOUSING FINANCE LTD 
807,PIRAMAL ENTERPRISES LIMITED 
808,PIRAMAL ENTERPRISES LTD 
809,PIRAMAL PHARMA LIMITED 
810,PLUTO FINANCE PRIVATE LTD 
811,PLUTO FINANCE PRIVATE LTD. 
812,POLINA GANESWARARAO 
813,PONUGOTI HEMENDAR RAO 
814,POONAM AGARWAL 
815,POORVI DUGAR AJMERA 
816,PPR M SAND LLP 
817,PRABHAKAR RAO ASHA PRIYA PROPERTIES 
818,PRABHAKARA RAO MANDAVA 
819,PRABHAT HOMES PRIVATE LIMITED 
820,PRADEEP AGGARWAL 
821,PRADIP KUMAR DAS 
822,PRAGATI ENTERPRISES 
823,PRAHLAD SHARMA 
824,PRAKASH BALWANT MENGANE 
825,PRAKASH DISTILLERY & CHEMICAL CO (P) LT D 
826,PRAMOD BAJORIA 
827,PRARAMBH SECURITIES PVT LTDOWN A/C 
828,PRARAMBH SECURITIES PVT LTDPROPRIET 
829,PRASAD AND COMPANY PRIVATE LIMITED 
830,PRASHANT KUMAR JAISWAL 
831,PRATHMESH CONSTRUCTION 
832,PRATIBHA AGARWAL 
833,PRATIKSHA DOSHI 
834,PRATYASH RENEWABLE PRIVATE LIMITED 
835,PRAVEEN BAHETY 
836,PRB SECURITIES PVT LTD 
837,PREETI BINANI 
838,PREETI MAROTI 
839,PREM AGGARWAL 
840,PREM AGGARWAL AND SONS HUF 
841,PREM RATAN BAHETY 
842,PREMCHAND GODHA 
843,PREMIER PHOTOVOLTAIC MEDAK (P)LTD 
844,PREMIER PLASTIC INDUSTRIES 
845,PRESTIGE ESTATES PROJECTS LTD PREST 
846,PRESTIGE GARDEN ESTATES PRIVATE LIM 
847,PRESTIGE HABITAT VENTURES 
848,PRESTIGE NOTTING HILL INVESTMENTS 
849,PRESTIGE PROJECTS PVT LTD 
850,PRESTIGE PROPERTY MANAGEMENT AND SE 
851,PRESTIGE SOUTHCITY HOLDINGS 
852,PRIME SALES CORPORATION 
853,PRIMUSGLOBALTECHNOLOGIESPVTLTD 
854,PRL DEVELOPERS PRIVATE LIMITED 
855,PROCURE ADVISORY SERVICES PRIVATE L 
856,PROCURE ADVISORY SERVICES PRIVATE LTD 
857,PRUDHVI CONSTRUCTIONS PRIVATE LIMIT 
858,PUJA COAL PRIVATE LIMITED 
859,PUNIT DEVENDRABHAI BHANDERI 
860,PURI CONSTRUCTION PVT LTD 
861,PURSHOTTAM LAL GUPTA 
862,PURULIA BOTTLING PVT LTD 
863,PUSHKARA COMMOSALES PRIVATE LIMITED 
864,PVR LTD 
865,QUALITY MAINTENANCE VENTURE LTD 
866,QWIKSUPPLYCHAINPRIVATELIMITED 
867,R B DEALERS PVT LTD 
868,R K INFRACORP PRIVATE LIMITED 
869,R K V FABTECH INDIA PRIVATE LIMITED 
870,R N CONSTRUCTIONS 
871,R R INFRATECH INDIA PRIVATE LIM 
872,R R KABEL LIMITED 
873,R SURYA NARAYNARAJU 
874,R V SUBRAHAMANYAM ISTAMSETTY 
875,R.S.BROTHERS RETAIL INDIA PRIVATE LIMITE D 
876,R.S.BROTHERS RETIAL INDIA PVT LTD 
877,RACHIT KAILASH MUNDHRA 
878,RADICO KHAITAN LIMITED 
879,RAGHAV COTSPIN PRIVATE LIMITED 
880,RAGHUKOOL ESTATE DEVELOPMENT LLP 
881,RAHUL AGARWAL 
882,RAHUL BHATIA 
883,RAHUL BHUWANIA 
884,RAHUL CHOUDHARY 
885,RAHUL GUPTA 
886,RAHUL JAGANNATH JOSHI 
887,RAHUL TULSIAN 
888,RAIPUR BOTLING COMPANY 
889,RAJ KAMAL DRUGS 
890,RAJAPUSHPA ASSET MANAGEMENT LLP 
891,RAJAPUSHPA PROPERTIES PVT LTD 
892,RAJDHANI DEALERS PRIVATE LIMITED 
893,RAJEEV KUMAR JAIN 
894,RAJEEV KUMAR SHARMA 
895,RAJENDRA AGARWAL 
896,RAJESH JAIN 
897,RAJESH KUMAR AGARWAL 
898,RAJESH M AGRAWAL 
899,RAJESH MANNALAL AGRAWAL 
900,RAJESH SHARMA 
901,RAJIV KUMAR JHA 
902,RAJIV S SOMANI 
903,RAJU KUMAR SHARMA 
904,RAKESH KUMAR SHARMA 
905,RAKESH PRAVINCHANDRA SHAH 
906,RAMAN SHARMA 
907,RAMAWATAR SHARMA 
908,RAMESH AGARWAL C S BOTTLING PL 
909,RAMESH AGARWAL C S BOTTLING PLANT 
910,RAMESH KRISHNA ENGINEERS PRIVATE LIMITED 
911,RAMESH TAPARIA 
912,RAMGAD MINERALS AND MINING LTD 
913,RAMKRISHNA COTSPIN PVT LTD 
914,RAMOLI DEALERS PVT LTD 
915,RANISATI MERCANTILES PVT LTD 
916,RANISATI MERCANTILES PVT. LTD. 
917,RANJIT BUILDCON LIMITED 
918,RANJIT PROJECTS PRIVATE LIMITED 
919,RANJIT TOLL ROAD PRIVATE LIMITED 
920,RASHMI CEMENT LTD 
921,RASHMI METALIKS LTD 
922,RATHOD LAKHIBEN 
923,RATNAMANI METALS AND TUBES LTD 
924,RAUNAK GUPTA 
925,RAUNAK PROPERTIES PVT. LTD 
926,RAVENDER RAO GORUKANTI 
927,RAVI KUMAR SHARMA 
928,RAVINDER AGARWAL 
929,RAVINDRANATHA REDDY BANDI 
930,RAVLON PROPERTIES PVT LTD. 
931,RAY CONSTRUCTIONS LTD 
932,RAYALA SEEMA WIND ENERGY PVT LTD 
933,RCC NUTRA FILL PRIVATE LIMITED 
934,REAL TECHNICAL SOLUTIONS PVT LTD 
935,REENA GARG 
936,REGENT ELECTRO MECH PRIVATE LIMITED 
937,RENUKA INVESTMENTS AND FINANCE LTD 
938,RENUKESHWAR INVESTMENTS PVT LTD 
939,REPALLY ASHOK 
940,RICHA & CO 
941,RICHA GLOBAL EXPORTS PRIVATE LIMITED 
942,RIGHT AID CONSULTANTS PVT LTD 
943,RIPLEY & CO STEVDORING & HANDLING PVT LT D 
944,RIPLEY AND CO. STEVEDORING & HANDLING PVT LTD 
945,RISHABH KHEMKA / ISHWAR CHAND KHEMK 
946,RISHABH PATNI 
947,RITESH AGARWAL 
948,RITESH ENCLAVE PVT LTD 
949,RITESH NIRMAN PVT LTD 
950,RITESH PROJECTS PVT LTD 
951,RITESH REAL ESTATES PVT LTD 
952,RITESH VANIJYA PRIVATE LIMITED 
953,RITHWIK PROJECTS PRIVATE LIMITED 
954,RMC SWITCHGEARS LTD 
955,ROHIT AGARWAL 
956,RONAK AJMERA 
957,ROOPREKHA VYAPAAR PRIVATE LIMITED 
958,ROSHINI DEVELOPERS PRIVATE LTD 
959,ROSHNI DEALMARK PRIVATE LIMITED 
960,ROSHNI DEALMARK PRIVATE LTD 
961,RPSG VENTURES LIMITED 
962,RSLH AUTO SEAT TRIMS PVT LTD 
963,RT RENEWABLE ENERGY PVT LTD 
964,RUMA GHATAK 
965,RUNGTA SONS P LTD 
966,RUPA H SHAH 
967,S D CORPORATION PVT LTD 
968,S E BUILDERS AND REALTORS LTD 
969,S G AGARWAL & CO 
970,S K SUPPLY CHAIN SOLUTIONS 
971,S K TRADERS 
972,S K TRADING CO. 
973,S R C CHEMICALS PVT LTD 
974,S.P. SINGLA CONSTRUCTIONS PRIVATE LTD. 
975,S.S.EARTHMOVERS AND LOGISTICS 
976,SAFAL GOYAL REALTY LLP 
977,SAGAR CEMENTS LIMITED 
978,SAGI VENKATA RAMAKRISHNA RAJU 
979,SAGUN TULSYAN 
980,SALASAR FINANCIAL ADVISORY SERVICES 
981,SALASAR SAREES PVT LTD 
982,SALASAR STOCK BROKING LTD-PROPRIETARY 
983,SAMMAN LAL SHER SINGH PAPERS PVT LT 
984,SAN BEVERAGES PVT LTD 
985,SAN LOGISTICS 
986,SANDEEP AGGARWAL 
987,SANDEEP AGGARWAL AND SONS HUF 
988,SANDEEP AUTO LINES 
989,SANDEEP JHUNJHUNWALA 
990,SANDEEP KHANNA AND ASSOCIATES 
991,SANDEEP KUMAR SULTANIA (JT1) 
992,SANDHYA CONSTRUCTIONS & ESTATES PRIVATE LIMITED 
993,SANGIREDDY THIRUPATHI REDDY 
994,SANJAY AGARWAL 
995,SANJAY JAIN 
996,SANJAY JHUNJHUNWALA 
997,SANJAY KUMAR 
998,SANJAY KUMAR SINHA 
999,SANJIB CHAKRABORTY 
1000,SANOLA WIND PROJECT PVT LTD 
1001,SANTOSH GOYAL 
1002,SANVI SPINNING MILLS PVT LTD 
1003,SARD INDIA PRIVATE L 
1004,SARDA ENERGY AND MINERALS LTD 
1005,SARITA HANDA EXPORTS PVT LTD 
1006,SARITA MIRANIA AGARWAL 
1007,SAROJA RENEWABLES PRIVATE LIMITED 
1008,SAROJIT KUMAR DEY 
1009,SAROSH ALIZAH MINING 
1010,SASMAL INFRASTRUCTURE PRIVATE LIMITED 
1011,SATEC ENVIR ENGINEERING (I) PVT LTD 
1012,SATISHCHANDRA SHANTILAL DOSHI HUF 
1013,SAURABH GUPTA 
1014,SAURABH JAIN 
1015,SCAFFOLD PROPERTIES PVT LTD 
1016,SDS LOGISTICS PRIVATE LIMITED 
1017,SECURE METERS LTD 
1018,SEEMA MIRANIA AGARWAL 
1019,SEI ARUSHI PVT LTD 
1020,SEI BASKARA POWER PVT LTD 
1021,SEI DIAMOND PVT LTD 
1022,SEI ENERSTAR RENEWABLE ENRGY PVT LTD 
1023,SEI MIHIR ENERGY PVT LTD 
1024,SEI VENUS PVT LTD 
1025,SELENE CONSTRUCTIONS LIMITED 
1026,SELMAR LAB PRIVATE LIMITED 
1027,SELMAR LAB PRIVATE LTD 
1028,SENGUPTA AND SENGUPTA PRIVATE LIMIT 
1029,SENGUPTA AND SENGUPTA PVT LTD 
1030,SEPC POWER PVT LTD OPERATION RETEN 
1031,SERVEALL LAND DEVELOPERS PVT LTD 
1032,SEZ BIOTECH SERVICES PVT LTD 
1033,SHADOWFAX TRADERS 
1034,SHAHAB RIZVI 
1035,SHAHIEXP 
1036,SHANKARANARAYANA CONSTRUCTIONS PVT 
1037,SHANKARRESOURCESPVTLTD 
1038,SHAURYAVIR CARRIERS PRIVATE LIMITED 
1039,SHINE COTSPIN PVT LTD 
1040,SHIRDI SAI ELECTRICALS LTD 
1041,SHIRISH BAJAJ 
1042,SHIV SHANKAR SECURITIES PVT LTD 
1043,SHIVALIK PRINTS LIMITED 
1044,SHIVAM TRANSCON PRIVATE LIMITED 
1045,SHREE CEMENT LIMITED 
1046,SHREE CEMENT LTD 
1047,SHREE CHAND SARAOGI 
1048,SHREE RATAN BAHETY 
1049,SHREE SALASAR PROPERTIES & FINANCE PVT LTD 
1050,SHREYAS RENEWABLE ENERGY PRIVATE LTD 
1051,SHREYAS RENEWABLE ENERGY PVT LTD 
1052,SHRI JAGANNATH STEELS & POWER LTD 
1053,SHRI SHAMLAJI SALES PRIVATE LIMITED 
1054,SHRINIVAS VASUDEVA DEMPO 
1055,SHYAM STEEL MANUFACTURING LTD. (FLY SOVA ISPAT LTD.) 
1056,SHYAM SUNDAR BAHETY 
1057,SI AIR SPRINGS PRIVATE LTD 
1058,SIAN INFRA AND REALCON LLP 
1059,SIDDHARTH DEVELOPERS 
1060,SIDDHARTH MATHUR 
1061,SIDDHI TRADING 
1062,SIDHANT INVESTMENT ADVISORY PRIVATE 
1063,SIDHARTH AGARWAL 
1064,SIGMA ADVANCED SYSTEMS PRIVATE LIMI 
1065,SILVER LINE INVESTMENT COMPANY 
1066,SILVERTONE SECURITIES PRIVATE LIMIT 
1067,SILVERTONE SECURITIES PVT LTD 
1068,SILVERTOSS SECURITIES PVT LTD 
1069,SITARA DIAMOND PRIVATE LIMITED 
1070,SK INFRA 
1071,SKEIRON RENEWABLE ENERGY AMIDYALA P 
1072,SKEIRON RENEWABLE ENERGY AMIDYALA PRIVATE LIMITED 
1073,SKP MERCHANTS LLP 
1074,SKYWORLD DEVELOPERS LLP 
1075,SLICK SOFTWARE SOLUTIONS PRIVATE LI 
1076,SLRV HOMES LLP 
1077,SMR AUTOMOTIVE SYSTEMS INDIA LTD 
1078,SMRITI AGRAWAL 
1079,SNB MINERALS PRIVATE LIMITED 
1080,SNEHA KINETIC POWER PROJECTS PVT LTD 
1081,SNS CLOTHING PVT LTD 
1082,SOHAN SARAF 
1083,SOHINI DEVELOPERS LLP 
1084,SOM DISTILERIES PRIVATE LTD 
1085,SOM DISTILLERIES BREWERIES LIMITED 
1086,SOM DISTILLERIES PVT LTD 
1087,SOMASILA SOLAR POWER LIMITED 
1088,SOPANRAO BALKRISHNA DHASAL AGRO PRODUCTS LIMITED 
1089,SOURABH KUMAR ROY 
1090,SOUTH ASIA FM LIMITED 
1091,SPECO INFRASTRUCTURE 
1092,SPECO INFRASTRUCTURES 
1093,SPEED BUSINESS PVT LTD 
1094,SPICEJET LIMITED 
1095,SPML OM METALS JV 
1096,SPPL PROPERTY MANAGEMENT PVT LTD 
1097,SR DEVELOPERS 
1098,SRABANI ROY 
1099,SREE KRUTHI 
1100,SREE RAYALASEEMA HI STRENGTH HYPO LTD 
1101,SREENATH FINVEST PRIVATE LIMITED 
1102,SRI CHAITANYA STUDENTS FACILITY MANAGEME 
1103,SRI DEVELOPERS 
1104,SRI KARTHIKEYA DEVELOPERS 
1105,SRI KRISHNA INFRAASTRUCTURES 
1106,SRI KUMARASWAMY MINERAL EXPORTS PR 
1107,SRI SAI BIO ORGANICS( OPR BY R V SUBRAHM ANYAM I) 
1108,SRI SIDDARTHA CONSTRUCTIONS 
1109,SRI SIDDHARTH INFRATECH & SERVICES(I) PVT LTD 
1110,SRI SIDDHARTH INFRATECH AND SERVICES I P 
1111,SRI VIGNEWARA CONSTRUCTIONS 
1112,SRI YANTRA ASSOCIATES 
1113,SRICHAITANYA STUDENTS FACILITY MANAGEMENT PVT LTD 
1114,SRINIVASH BINANI 
1115,SRIVAY INDUSTRIES LIMITED 
1116,SRIVILAS HYDROTECH PVT LTD 
1117,SSALASAR FINANCIAL ADVISORY SERVICE PVT LTD 
1118,ST PATRICKS REALTY PVT LTD 
1119,STAR CEMENT MEGHALAYA LIMITED 
1120,STOCKPATHADVISORSLLP 
1121,SUBHASH CHANDRA GUPTA 
1122,SUDHA COMMERCIAL COMPANY LTD 
1123,SUDHAKAR KANCHARLA 
1124,SUDSAR BUILDSPACE LLP 
1125,SUKHBIR SINGH 
1126,SUKRITI GUPTA BAHETY 
1127,SULA VINEYARDS PVT LTD 
1128,SUMAN AGARWAL 
1129,SUMAN ESTATES PRIVATE LIMITED 
1130,SUMITRA DEVI AGARWAL 
1131,SUN DISTRIBUTION SERVICES PVT LTD 
1132,SUN OILNATURAL GAS DIV SUN PETRO P. 
1133,SUN PHARMA LABORATORIES LIMTED 
1134,SUN PHARMA LABORATORIES LTD 
1135,SUNBORNE ENERGY ANDHRA PVT LTD 
1136,SUNDARAM INDUSTRIES PVT LIMITED 
1137,SUNDEEP JHUNJHUNWALA 
1138,SUNDRAM INDUSTRIES PVT LTD 
1139,SUNIL ENGINEERING AND SYSTEMS 
1140,SUNKURU SURESH SUBUDHI JT 
1141,SUNSHINE FINTRADE PVT LTD 
1142,SUPER CYBERTECH PARK PRIVATE LIMITE 
1143,SURBHI AGARWAL 
1144,SURENDRA STEELS PRIVATE LIMITED 
1145,SURESH PATNI 
1146,SUSHIL KUMAR KOTHARI 
1147,SUSHILA PATNI 
1148,SUSTAINABLE SPINNING AND COMMODITIES PVT LTD 
1149,SUVARCHAS SOLAR POWER PRIVATE LIMITED 
1150,SWAL CORPORATION LIMITED 
1151,SWAMI FUELS PRIVATE LIMITED 
1152,SWAPNA CHENNAVARAM 
1153,SWARNAPUSHPA VANIJYA PRIVATE LIMITE 
1154,SWARNARETH MINERAL INDUSTRIES 
1155,SWETA ESTATES PVT LTD 
1156,SYLVANUS BUILDERS AND DEVELOPERS LI 
1157,SYLVANUS PROPERTIES LIMITED 
1158,SYNERGY DEALCOM PVT LTD-SELF A/C 
1159,T SIRISH BABU 
1160,TADAS WIND ENERGY PVT LTD 
1161,TALENTO TECHNICAL PLANT SERVICES PVT LTD 
1162,TANOT WIND POWER VENTURES PVT LTD 
1163,TANUSHREE LOGISTICS PRIVATE LIMITED 
1164,TANUSHREE SOMANI 
1165,TAQUITO LEASE OPERATORS PVT. LTD 
1166,TARGET VINCOM PVT LTD 
1167,TARLA RAJENDRA SHAH 
1168,TAVINDER SINGH KOHLI 
1169,TECH MAHINDRA LTD 
1170,TEGA INDUSTRIES LIMI 
1171,TEJAS P SHAH 
1172,TEKREANT INDIA PRIVATE LIMITED 
1173,TELLAPUR TECHNOCITY PRIVATE LIMI 
1174,TERACON BUILDTECH LLP 
1175,TEXPORT CREATION 
1176,THAKUR PRASAD SAO & SONS PVT LT 
1177,THE ANGUS COMPANY LIMITED 
1178,THE ANUP ENGINEERING 
1179,THE ASSOCIATED AUTO PARTS PRIVATE LIMITED 
1180,THE GANGES MANUFACTURING CO LTD 
1181,THE INDIA CEMENTS LTD 
1182,THE PUNJAB BUSINESS SUPPLY COMPANY 
1183,THE RAMCO CEMENTS LIMITED 
1184,THE SANDUR MANGANESE &AMP;AMP; IRON ORES LI 
1185,THE SUPREME INDUSTRIES LTD 
1186,THRIVENI EARTH MOVERS PVT LTD 
1187,THRIVENI EARTHMOVERS PVT LTD 
1188,THRIVENI SAINIK MINING PRIVATE LIMI 
1189,TILAK AJMERA 
1190,TIVOLI PARK APARTMENTS PVT LTD 
1191,TOPNOTCH PROJECTS PRIVATE LIMITED 
1192,TORRENT PHARMACEUTICALS LIMITED 
1193,TORRENT PHARMACEUTICALS LTD 
1194,TORRENT POWER LIMITED 
1195,TORRENT POWER LTD 
1196,TPK PARTNERS 
1197,TRANSWAYS EXIM PRIVATE LIMITED 
1198,TRANSWAYS EXIM PRIVATE LTD 
1199,TRANSWAYS EXIM PVT LTD 
1200,TRIBHUVAN SPINTEX PRIVATE LIMITED 
1201,TRIDENT LIMITED 
1202,TRIDENT LIMITED {FORMERLY ABHISHEK INDUS TRIES LIMITED} 
1203,TRIDENTCHEMPHARLIMITED 
1204,TRIREME INFRASTRUCTURRE PVT LTD 
1205,TSHARKS INFRA DEVELOPERS PRIVATE LI 
1206,TSHARKS OVERSEAS EDUCATION CONSULTA 
1207,TULIP RESIDENCY LLP 
1208,TVS MOBILITY PRIVATE LIMITED 
1209,TVS MOTOR COMPANY LIMITED 
1210,ULTRA TECH CEMENT LIMITED 
1211,ULTRATECHCEMENTSLTD 
1212,UM CABLES LIMITED 
1213,UNILIGHT REINSURANCE BROKERS PVT LTD 
1214,UNIPRO TECHNO INFRASTRUCTURE PVT LTD 
1215,UNITED PHOSPHORUS INDIA LLP 
1216,UNNIKRISHNAN K 
1217,UPL LIMITED 
1218,URMILA DEVI TAPARIA 
1219,USHA AGGARWAL 
1220,USV PRIVATE LTD ( FORMERLY USV LTD) 
1221,UTKAL ALUMINA INTERNATIONAL LIMITED 
1222,UTKAL ALUMINA INTERNATIONAL LTD 
1223,UTKARSH JAIN 
1224,UTKARSH SFATIK LIMITED 
1225,UTSAV ENCLAVE LLP 
1226,UTTAM KUMAR GHOSH 
1227,V BALAVEERIAH SONS 
1228,V M SALGAOCAR BROTHER PVT LTD 
1229,V M SALGAOCAR CORPORATION PVT LTD 
1230,VACMETINDIALIMITED 
1231,VAIBHAV BHUTANI 
1232,VAIBHAV LAXMI CAPITAL MARKET PRIVATE LIM 
1233,VAIBHAW TIE UP PRIVATE LIMITED 
1234,VALLURUPALLI PRABHU KISHORE 
1235,VAMONA DEVELOPERS PRIVATE LIMITED 
1236,VAMSIRAM BUILDERS LLP 
1237,VAMSIRAM DEVELOPERS LLP 
1238,VAMSIRAMS JYOTHI LORVEN 
1239,VARAS INTERNATIONAL PRIVATE LIMITED 
1240,VARAS INTERNATIONAL PVT LTD 
1241,VARDHMAN TEXTILES LIMITED 
1242,VARDHMAN TEXTILES LTD 
1243,VARSITY EDUCATION MANAGEMENT PVT LIMITED 
1244,VASAVI AVENUES LLP 
1245,VASSUDEVA DEMPO FAMILY PRIVATE TRUST 
1246,VASUDHA DEVELOPERS 
1247,VEDANTA ELECTRICALS PRIVATE LIMITED 
1248,VEDANTA LIMITED 
1249,VEDANTA LTD 
1250,VEDIKA VANIJYA PVT LTD-SELF A/C 
1251,VEERA RAVEENDRA 
1252,VEERABHADRAPPA SANGAPPA AND CO 
1253,VENKAT PRANEETH DEVELOPRS (P) LTD 
1254,VENKATESH NARAYAN REDDY 
1255,VENUS FINANCIAL CONSULTANTS PVT LTD 
1256,VERTEX VEGA DEVELOPERS LLP 
1257,VIDITVA CONSTRUCTIONS 
1258,VIDUR GUPTA 
1259,VIHAAN AUTO VENTURES PRIVATE LIMITED 
1260,VIJAY KUMAR GOYAL 
1261,VIJAYKUMARMISHRACONSTRUCTIONPVT 
1262,VIKAS AGGARWAL 
1263,VIKAS KUMAR GARG 
1264,VIKAS PARASRAMPURIA 
1265,VIKAS PATNI 
1266,VIKASH GUPTA 
1267,VIKASH JHUNJHUNWALA 
1268,VIKASH NAHATA 
1269,VIKRAM KUMAR KHAITAN 
1270,VIKRAM SINGH 
1271,VILLAGE DE NANDI PVT LTD RERA DESIG 
1272,VINAY AGARWAL 
1273,VINAY KUMAR BHATT 
1274,VINAY KUMAR GANERIWAL 
1275,VINEET GUPTA 
1276,VINEET NANDA 
1277,VINEET PATNI 
1278,VINIT GUPTA 
1279,VIPIN AGGARWAL 
1280,VIPIN AGGARWAL AND SONS HUF 
1281,VIPIN GUPTA 
1282,VIPUL CHAMPAKLAL SHAH 
1283,VISHAL KOTHARI 
1284,VISHVARUPA SOLAR POWER PRIVATE LIMITED 
1285,VIVA HIGHWAYS LTD 
1286,VIVEK AGARWAL 
1287,VIVEK BANSAL 
1288,VIVEK PATNI 
1289,VM SALGAOCAR CORPORATION PVT LTD 
1290,VPL OIL MARKETING PVT LTD 
1291,VS TOWERS CONTRACTORS PRIVATE LIM 
1292,WARORA CHANDRAPUR BALLARPUR TOLLRO 
1293,WARORA CHANDRAPUR BALLARPUR TOLLROA 
1294,WELSPUN CORP LIMITED 
1295,WELSPUN CORP LTD 
1296,WELSPUN ENTERPRISES LTD 
1297,WELSPUN INDIA LIMITED 
1298,WELSPUN LIVING LIMITED 
1299,WESTERN UP POWER TRANSMISSION COMPANY LI MITED 
1300,WESTWELL GASES PRIVATE LIMITED 
1301,WOLKEM INDIA LTD 
1302,WONDER CEMENT LTD 
1303,WONDER MARMOSTONES PVT LTD 
1304,WONDER MINERALS PVT LTD. 
1305,WPIL LIMITED 
1306,YASHODA SUPER SPECIALITY HOSPITAL 
1307,YOGA BUILDERS PVT LTD 
1308,YOGESH GARODIA 
1309,YOGESH MANNALAL AGRAWAL 
1310,YOGESH MANPURIA 
1311,YUVAN TRADING CONSULTANCY LLP 
1312,ZENSAR TECHNOLOGIES LTD 
1313,ZUVAN ENERGY PRIVATE LIMITED 
1314,ZUVAN ENERGY PVT LTD 
1315,ZYDUS HEALTHCARE LIMITED 
